index,name,Complexity,Memetic Copy Number,Object Discovery Year
952,duoplet.rle,0.000350017500875,75.0,1969
1993,ttetromino.rle,12.99889994499725,64.0,1969
1656,rpentomino.rle,0.0103005150257512,273.0,1969
918,domino.rle,0.000350017500875,14.0,1969
1929,trafficlight.rle,15.000050002500124,248.0,1969
1204,loaf.rle,12.0,428.0,1969
624,block.rle,13.0,1140.0,1969
2795,dot.rle,1.0,181.0,1969
1540,prebeehive.rle,9.999849992499623,23.0,1969
1053,glider.rle,4.002750137506875,2699.0,1969
606,blinker.rle,6.000050002500124,392.0,1969
542,beehive.rle,13.0,544.0,1969
772,bulletheptomino.rle,9.001750087504375,14.0,1969
1500,preblock.rle,12.999849992499623,94.0,1969
3976,shorttable.rle,0.0013000650032501,11.0,1969
4301,lineofthree.rle,6.000050002500124,29.0,1969
3943,crotchet.rle,0.0016000800040002,18.0,1969
1998,tub.rle,10.0,444.0,1970
1613,queenbee.rle,22.034701735086752,117.0,1970
1975,tripole.rle,13.0,57.0,1970
1031,figureeight.rle,19.6248812440622,137.0,1970
1841,table.rle,0.0076003800190009,2000.0,1970
1230,longship.rle,13.0,95.0,1970
3978,twogun.rle,90.55602780139009,10.0,1970
1973,tumbler.rle,16.785689284464222,52.0,1970
1092,herschel.rle,6.020551027551377,472.0,1970
1802,snake.rle,7.0,511.0,1970
1505,piheptomino.rle,10.024151207560378,310.0,1970
534,biblock.rle,10.0,99.0,1970
1825,tail.rle,8.999849992499625,788.0,1970
1259,longboat.rle,13.0,229.0,1970
1514,pinwheel.rle,23.0,31.0,1970
3360,crinklyheptomino.rle,7.000550027501375,15.0,1970
3902,lineofsixspark.rle,0.008150407520376,19.0,1970
3575,transblockoncuphook.rle,20.33331666583329,31.0,1970
499,barge.rle,12.0,220.0,1970
821,clock.rle,13.0,111.0,1970
786,butterfly.rle,0.0264013200660033,50.0,1970
1122,grin.rle,7.0,37.0,1970
1313,mwss.rle,19.985949297464877,103.0,1970
1146,hertzoscillator.rle,27.25001250062503,14.0,1970
1086,gosperglidergun.rle,81.2913645682284,68.0,1970
752,bookend.rle,0.0192009600480024,322.0,1970
581,bheptomino.rle,5.008250412520626,215.0,1970
526,beacon.rle,6.500025001250062,320.0,1970
843,cheptomino.rle,13.00490024501225,15.0,1970
575,bipole.rle,17.0,129.0,1970
1592,quadpole.rle,14.0,57.0,1970
973,eheptomino.rle,14.022851142557128,20.0,1970
1815,stairstephexomino.rle,4.015900795039752,22.0,1970
2484,angel.rle,7.501825091254562,17.0,1970
1547,pulsar.rle,35.66638331916596,335.0,1970
552,blockade.rle,15.0,52.0,1970
0,,,,1970
0,,,,1970
2720,cavity.rle,0.0021501075053752,15.0,1970
280,fheptomino.rle,9.538876943847193,14.0,1970
836,century.rle,0.0197009850492524,118.0,1970
2166,zhexomino.rle,0.0255012750637531,23.0,1970
2203,bananaspark.rle,6.003750187509375,25.0,1970
1550,prepulsar.rle,34.65518275913796,139.0,1970
696,boat.rle,10.0,843.0,1970
775,bun.rle,10.002650132506623,232.0,1970
212,diagonalonoff.rle,0.000350017500875,18.0,1970
3927,phispark.rle,0.0057002850142507,24.0,1970
1470,pentadecathlon.rle,18.93309665483274,266.0,1970
1143,honeyfarm.rle,23.0,313.0,1970
373,aircraftcarrier.rle,10.0,115.0,1970
1902,toad.rle,8.99989999499975,174.0,1970
814,claw.rle,10.000150007500377,128.0,1970
1276,longsnake.rle,11.0,140.0,1970
1727,ship.rle,13.0,635.0,1970
0,,,,1970
1256,longbarge.rle,13.0,72.0,1970
1278,lwss.rle,5.0185009250462524,150.0,1970
1135,house.rle,39.19110955547777,155.0,1970
1949,transqueenbeeshuttle.rle,26.83289164458223,87.0,1970
1529,pond.rle,11.0,234.0,1970
2444,vspark.rle,0.000550027501375,24.0,1970
1165,hwss.rle,0.0254512725636281,90.0,1970
3002,7wss.rle,0.0182509125456272,28.0,1970
1813,squaredance.rle,0.0291514575728786,181.0,1971
1693,scrubber.rle,28.499974998749934,27.0,1971
1803,sparkcoil.rle,18.000050002500124,88.0,1971
809,cap.rle,0.0114005700285014,121.0,1971
1491,piship1.rle,69.78093904695234,5.0,1971
2066,washerwoman.rle,69.89039451972599,10.0,1971
1881,titanictoroidaltraveler.rle,185.5149257462873,13.0,1971
1609,quasar.rle,55.33291664583229,18.0,1971
803,candelabra.rle,24.0,15.0,1971
756,verylongsnake.rle,11.0,50.0,1971
918,domino.rle,0.000350017500875,14.0,1971
816,cauldron.rle,26.12505625281264,17.0,1971
1287,mango.rle,12.0,118.0,1971
403,almosymmetric.rle,21.0,13.0,1971
1553,pressurecooker.rle,26.66663333166658,14.0,1971
806,canoe.rle,15.0,111.0,1971
1865,switchengine.rle,7.026601330066503,180.0,1971
500,p60glidershuttle.rle,39.04885244262213,16.0,1971
1747,long3snake.rle,14.0,21.0,1971
1051,frenchkiss.rle,24.0,15.0,1971
1329,noahsark.rle,21.14550727536377,10.0,1971
1318,negentropy.rle,27.499974998749934,14.0,1971
1186,interchange.rle,20.99994999749988,59.0,1971
2442,twinbeesshuttlespark.rle,0.0190509525476273,8.0,1971
1097,graycounter.rle,23.25001250062503,20.0,1971
1338,octagon2.rle,16.999899994999748,30.0,1971
1907,transboatwithtail.rle,15.0,39.0,1971
2574,uturner.rle,4.018550927546377,49.0,1971
849,cisboatwithtail.rle,15.0,35.0,1971
1220,lightbulb.rle,21.99994999749988,14.0,1971
1493,piston.rle,21.0,24.0,1971
1988,tubwithtail.rle,15.0,100.0,1971
1151,hustler.rle,27.33331666583329,17.0,1971
1074,glidersbythedozen.rle,25.326266313315664,11.0,1971
1089,gliderproducingswitchengine.rle,112.07265363268164,50.0,1971
2496,blonktie.rle,6.025001250062503,26.0,1971
1098,hat.rle,12.0,127.0,1971
953,eater1.rle,10.0,292.0,1971
1572,puffer1.rle,44.13705685284264,34.0,1971
1812,spiral.rle,21.0,39.0,1971
2459,2glideroctomino.rle,0.0174508725436271,49.0,1971
945,doubleewe.rle,36.33331666583329,5.0,1971
1199,koksgalaxy.rle,32.49992499624981,36.0,1971
617,bigs.rle,19.0,36.0,1971
1177,integralsign.rle,14.0,49.0,1971
967,ecologist.rle,11.216460823041151,16.0,1971
2021,twoeaters.rle,16.999949997499876,30.0,1971
1559,quad.rle,21.0,71.0,1971
715,verylongboat.rle,17.0,45.0,1971
1720,shillelagh.rle,12.0,152.0,1971
1264,longcanoe.rle,13.0,53.0,1971
766,breeder1.rle,1255.9154457722886,15.0,1971
692,blocklayingswitchengine.rle,40.18220911045552,50.0,1971
2355,newgun.rle,93.7740887044352,10.0,1971
1528,phoenix1.rle,21.0,32.0,1971
2332,iheptomino.rle,9.008150407520375,36.0,1971
3170,3blocktwinbeesshuttle.rle,39.34966748337417,131.0,1971
234,3c10piwave.rle,57.06695334766738,7.0,1971
1854,thunderbird.rle,6.5359767988399415,24.0,1971
0,,,,1971
704,boatbit.rle,16.046102305115255,37.0,1971
1159,hookwithtail.rle,11.0,144.0,1971
3112,lightweightschickengine.rle,21.078853942697133,66.0,1972
20,bargesiameseloaf.rle,15.0,25.0,1972
86,twoglidermess.rle,93.28401420071005,4.0,1972
1791,snacker.rle,35.11110555527776,54.0,1972
1237,loop.rle,12.0,1317.0,1972
3223,transverylonghookwithtail.rle,13.0,13.0,1972
1349,multuminparvo.rle,31.7896394819741,11.0,1972
897,clawwithtail.rle,15.0,44.0,1972
645,bitingoffmorethantheycanchew.rle,22.66663333166658,9.0,1972
3882,xs10_31eg8o.rle,18.0,16.0,1972
1778,snakesiamesesnake.rle,11.0,20.0,1972
1273,longshillelagh.rle,12.0,54.0,1972
2313,fourskewedblocks.rle,25.0,10.0,1972
736,verylongshillelagh.rle,11.0,22.0,1972
1851,surprise.rle,30.33336666833341,15.0,1972
158,brokensnake.rle,13.0,27.0,1972
783,burloaferimeter.rle,24.428571428571427,31.0,1972
1934,transbargewithtail.rle,17.0,31.0,1972
813,carriersiamesecarrier.rle,12.0,21.0,1972
1234,longhookwithtail.rle,11.0,46.0,1972
746,boatwithlongtail.rle,12.0,32.0,1972
1240,longintegral.rle,13.0,45.0,1972
3229,tubwithnine.rle,18.0,26.0,1972
1042,germ.rle,29.66663333166658,7.0,1972
1795,sombreros.rle,35.83329166458323,17.0,1972
891,cisshillelagh.rle,15.0,35.0,1972
2260,rf28b.rle,22.0254012700635,28.0,1972
1467,pennylane.rle,29.75003750187509,6.0,1972
1055,frogii.rle,36.33326666333316,4.0,1972
760,boss.rle,34.499974998749934,12.0,1972
3230,tubwithverylongtail.rle,13.0,9.0,1972
665,blockontable.rle,11.0,40.0,1972
848,cisbargewithtail.rle,15.0,15.0,1972
3984,xs10_ggka23z1.rle,15.0,23.0,1972
1194,loadingdock.rle,19.66663333166658,8.0,1972
1558,protein.rle,34.66663333166658,8.0,1972
1012,enretard.rle,32.0,4.0,1972
1653,rats.rle,27.0,14.0,1972
1637,roteightor.rle,34.00010000500025,25.0,1972
2141,workerbee.rle,33.66663333166658,23.0,1972
742,boattie.rle,17.0,127.0,1972
2692,blockongriddle.rle,16.0,21.0,1972
2412,pyrotechnecium.rle,32.62498124906245,6.0,1972
1804,snakepit.rle,24.0,14.0,1972
1963,tubwithlongtail.rle,12.0,33.0,1972
2757,cisverylonghookwithtail.rle,14.0,15.0,1972
1714,long4snake.rle,14.0,14.0,1972
939,diamondring.rle,30.666683334166702,8.0,1972
78,123.rle,24.666683334166702,1103.0,1972
525,beehivewithtail.rle,16.0,38.0,1972
1291,mathematician.rle,32.20001000050002,44.0,1972
941,dinnertable.rle,33.08320416020801,21.0,1972
1767,snakedance.rle,29.666683334166702,6.0,1972
383,airforce.rle,34.14285714285714,15.0,1972
2698,boattielongboat.rle,15.0,16.0,1973
429,integralwithhookandtail.rle,16.0,5.0,1973
235,clawsiamesetubwithcape.rle,16.0,7.0,1973
701,transsnaketie.rle,12.0,13.0,1973
2494,blockoncap.rle,11.0,20.0,1973
255,carriersiamesehookwithtailtail.rle,19.0,8.0,1973
3987,xs12_g88a53z23.rle,16.0,6.0,1973
114,bargewithverylongtail.rle,19.0,5.0,1973
2756,cisverylonghookwithnine.rle,15.0,10.0,1973
2733,cisboattranslinetub.rle,15.0,9.0,1973
195,carriersiameseverylongsnake.rle,18.0,8.0,1973
375,fusewithtailandverylongtail.rle,20.0,5.0,1973
366,eatertailsiameselongsnake.rle,12.0,6.0,1973
3236,upsnakeontable.rle,12.0,7.0,1973
285,eaterheadsiameseeatertail.rle,12.0,23.0,1973
660,transcarrierdownontable.rle,17.0,2.0,1973
208,carrierbridgecarrier.rle,17.0,11.0,1973
40,beehiveatclaw.rle,15.0,8.0,1973
680,tubwithtwoupcistails.rle,16.0,8.0,1973
654,tubwithtailsiamesesnake.rle,15.0,5.0,1973
699,teardropwithclaw.rle,20.0,9.0,1973
853,cisfusewithtwotails.rle,18.0,22.0,1973
353,eaterwithheadfeather.rle,15.0,5.0,1973
364,downsnakeontable.rle,12.0,6.0,1973
3199,transboattranslinetub.rle,15.0,8.0,1973
724,tubbendlinetub.rle,15.0,6.0,1973
376,integralwithtubandtail.rle,15.0,6.0,1973
773,verylongclawwithtail.rle,12.0,6.0,1973
458,longtubclawwithtail.rle,17.0,4.0,1973
435,hookwithtailhooksiamesesnake.rle,11.0,6.0,1973
981,eaterplug.rle,14.499974998749938,16.0,1973
2759,clawwithboatwithtail.rle,16.0,7.0,1973
1300,mazing.rle,18.24991249562478,40.0,1973
643,transcarriertiesnake.rle,15.0,2.0,1973
1726,siesta.rle,37.3999199959998,10.0,1973
679,tubwithtwodowntranstails.rle,15.0,7.0,1973
676,transshipontable.rle,17.0,7.0,1973
233,cissnaketie.rle,9.0,11.0,1973
685,translongbargewithtail.rle,15.0,6.0,1973
2700,boattielongsnake.rle,15.0,8.0,1973
242,carrierbridgesnake.rle,14.0,2.0,1973
328,eaterheadsiameseeaterhead.rle,16.0,7.0,1973
674,teardropwithcape.rle,20.0,7.0,1973
1839,technician.rle,31.399969998499923,14.0,1973
667,transcarriertie.rle,17.0,11.0,1973
3985,xs12_0gjl8z56.rle,16.0,6.0,1973
223,carriersiameseshillelagh.rle,14.0,8.0,1973
495,beehiveatbeehive.rle,13.0,27.0,1973
290,egyptianwalk.rle,12.0,7.0,1973
668,tubwithtailwithcape.rle,19.0,6.0,1973
661,verylongprodigal.rle,14.0,6.0,1973
3220,transtubwithlong4tail.rle,17.0,9.0,1973
443,hookwithtailtailsiamesesnake.rle,16.0,10.0,1973
202,carriersiamesehookwithtailhook.rle,12.0,9.0,1973
362,honeybarge.rle,15.0,8.0,1973
431,average.rle,30.0,58.0,1973
600,shillelaghsiamesesnake.rle,12.0,5.0,1973
465,longintegralwithboat.rle,16.0,5.0,1973
190,ciscarriertie.rle,16.0,11.0,1973
262,carriersiamesetubwithtail.rle,16.0,7.0,1973
591,rotatedtable.rle,17.0,9.0,1973
1551,pulsarquadrant.rle,20.33336666833341,17.0,1973
231,cisshipontable.rle,12.0,6.0,1973
2758,clawatclaw.rle,15.0,14.0,1973
505,longsnakesiameselongsnake.rle,17.0,5.0,1973
2946,longhooklinetub.rle,18.0,7.0,1973
1687,long3integral.rle,11.0,9.0,1973
1473,pedestle.rle,35.79998999949997,10.0,1973
2495,blockoncover.rle,14.0,26.0,1973
670,tubwithtwodowncistails.rle,15.0,7.0,1973
312,gullwithtub.rle,15.0,5.0,1973
221,canoesiamesesnake.rle,14.0,6.0,1973
2634,beehivewithhookedtail.rle,17.0,20.0,1973
498,beehivewithnine.rle,15.0,21.0,1973
148,cisbargewithnine.rle,14.0,9.0,1973
2949,longsnakewithfeather.rle,13.0,6.0,1973
2736,cisboatwithlong3tail.rle,19.0,10.0,1973
1428,p54shuttle.rle,50.51887594379719,17.0,1973
1792,snorkelloop.rle,15.0,27.0,1973
265,carriersiamesecanoe.rle,16.0,2.0,1973
214,ciscarrierupontable.rle,11.0,2.0,1973
832,chemist.rle,33.800040002000095,13.0,1973
133,carriertieship.rle,16.0,2.0,1973
691,twelveloop.rle,20.0,17.0,1973
658,snakesiameseverylongsnake.rle,16.0,6.0,1973
2034,twopulsarquadrants.rle,21.666733336666837,5.0,1973
351,doubleclaw.rle,17.0,19.0,1973
846,circleoffire.rle,31.0,20.0,1973
903,crowd.rle,36.66663333166658,9.0,1973
2755,cistubwithlong4tail.rle,17.0,11.0,1973
3986,xs12_178421e8.rle,12.0,7.0,1973
2812,fusewithtailandnine.rle,16.0,8.0,1973
300,eaterheadsiameselongsnake.rle,17.0,6.0,1973
329,eaterwithtailfeather.rle,16.0,7.0,1973
2716,bunwithfeather.rle,19.0,8.0,1973
3193,transblockonlongbookend.rle,15.0,26.0,1973
107,boattieeatertail.rle,16.0,20.0,1973
3988,xs12_g88b52z23.rle,16.0,6.0,1973
2719,carrierbridgetable.rle,15.0,10.0,1973
690,tubwithtwouptranstails.rle,17.0,7.0,1973
192,cismangowithtail.rle,19.0,7.0,1973
2760,clawwithnine.rle,16.0,16.0,1973
647,transcarrierupontable.rle,12.0,2.0,1973
684,transbargewithnine.rle,14.0,10.0,1973
3151,shiptiesnake.rle,15.0,12.0,1973
58,beehiveontable.rle,17.0,21.0,1973
457,longboatwithlongtail.rle,16.0,6.0,1973
451,hookwithtailwithcape.rle,13.0,5.0,1973
210,ciscarriertiesnake.rle,14.0,2.0,1973
423,fusewithtwolongtails.rle,13.0,5.0,1973
2743,cislong4hookwithtail.rle,14.0,10.0,1973
206,ciscarrierdownontable.rle,14.0,2.0,1973
656,transmangowithtail.rle,16.0,15.0,1973
2727,cisblockonlongbookend.rle,15.0,24.0,1973
1775,snakebridgesnake.rle,9.0,18.0,1973
388,hookwithtwotails.rle,16.0,4.0,1973
3222,transverylonghookwithnine.rle,16.0,11.0,1973
320,eatertailsiameseeatertail.rle,16.0,8.0,1973
2697,boattieeaterhead.rle,19.0,10.0,1973
3201,transboatwithlong3tail.rle,14.0,9.0,1973
1325,newshuttle.rle,139.96429821491074,14.0,1973
157,brokenelevener.rle,16.0,4.0,1973
217,cislongbargewithtail.rle,14.0,6.0,1973
421,inflexion.rle,13.0,9.0,1973
1475,pentant.rle,31.600030001500077,9.0,1976
1969,unix.rle,17.166658332916644,111.0,1976
1009,extremelyimpressive.rle,27.33331666583329,4.0,1976
295,65p13.1.rle,42.15335766788339,6.0,1976
224,38p11.1.rle,30.363668183409168,13.0,1977
181,35p52.rle,40.13485674283714,7.0,1977
1045,fox.rle,17.500025001250062,14.0,1977
969,eater3.rle,28.0,45.0,1977
258,44p7.2.rle,30.57142857142857,29.0,1977
1981,tritoad.rle,37.0,10.0,1977
603,blinkersbitpole.rle,19.500025001250066,9.0,1977
1485,pentoad.rle,22.79993999699985,31.0,1977
2102,whynot.rle,19.0,28.0,1977
1757,sixtynine.rle,46.74998749937497,16.0,1978
1111,harbor.rle,47.20006000300015,14.0,1978
1062,gourmet.rle,57.37501875093754,28.0,1978
1344,octagon4.rle,29.250362518125904,9.0,1979
1554,p29prepulsarshuttle.rle,51.27716385819291,19.0,1980
1292,middleweightemulator.rle,24.499974998749934,23.0,1980
1019,eureka.rle,30.432621631081552,27.0,1980
1115,heavyweightemulator.rle,23.75003750187509,36.0,1980
1239,lightweightemulator.rle,22.499974998749934,17.0,1980
1103,heart.rle,27.79998999949997,18.0,1982
1574,p47prepulsarshuttle.rle,69.19085954297715,24.0,1982
1901,tricetongs.rle,20.33336666833341,11.0,1982
2007,twoprelhasslers.rle,40.3747187359368,5.0,1983
1982,tumblingttetson.rle,34.250162508125406,9.0,1983
398,introvert.rle,44.69993499674984,7.0,1983
1557,prepulsarshuttle26.rle,107.92179608980447,3.0,1983
549,blinkerpuffer1.rle,20.10345517275864,16.0,1984
1190,jack.rle,35.25006250312516,13.0,1984
1612,sailboat.rle,69.12495624781239,11.0,1984
811,carnivalshuttle.rle,43.250162508125406,18.0,1984
1393,p36toadhassler.rle,60.25001250062503,10.0,1984
3546,pentadecathlonsjostlingtwoblocks.rle,36.20026001300065,4.0,1984
1133,hectic.rle,72.46652332616631,12.0,1984
345,6bits.rle,49.79968998449922,21.0,1984
1836,stillater.rle,21.666683334166702,14.0,1985
2411,pulshuttlev.rle,62.099154957747885,4.0,1985
1552,p55prepulsarhassler.rle,89.48947447372369,7.0,1986
1195,jam.rle,16.999949997499876,59.0,1988
427,achimsp4.rle,33.74998749937497,21.0,1988
1301,mold.rle,15.0,141.0,1988
482,bakersdozen.rle,37.2499624981249,15.0,1989
3164,tempest.rle,18.50012500625031,9.0,1989
610,bigglider.rle,43.01265063253162,13.0,1989
1962,triplecaterer.rle,33.000050002500124,7.0,1989
1063,fumarole.rle,19.8000400020001,89.0,1989
944,doublecaterer.rle,39.33336666833341,8.0,1989
1715,shortkeys.rle,19.0,20.0,1989
2016,twirlingttetsons2.rle,47.93264663233161,19.0,1989
1984,statorlessp6.rle,32.666683334166706,9.0,1989
826,caterer.rle,16.999949997499876,137.0,1989
1994,turningtoads.rle,42.25001250062503,6.0,1989
1974,turtle.rle,0.144257212860643,29.0,1989
1989,84p3h1v0.1.rle,13.217110855542776,11.0,1989
1842,tnosedp4.rle,31.24991249562478,54.0,1989
547,bentkeys.rle,18.33336666833341,19.0,1989
1351,oddkeys.rle,17.66668333416671,12.0,1989
3534,p165glidershuttle.rle,88.45377268863443,5.0,1989
1299,monogram.rle,19.499974998749934,27.0,1989
70,119p4h1v0.rle,57.11110555527776,18.0,1989
2140,106p135.rle,71.97664883244163,11.0,1989
168,25p3h1v0.1.rle,0.0364018200910045,40.0,1989
363,64p2h1v0.rle,0.2919645982299115,18.0,1989
2118,windmill.rle,42.49992499624981,9.0,1989
888,cross.rle,23.66653332666633,131.0,1989
1762,skewedtrafficlight.rle,47.66653332666633,6.0,1989
81,1234.rle,23.500025001250066,787.0,1989
1320,newfive.rle,27.0,2.0,1990
780,twoblockershasslingrpentomino.rle,41.12495624781239,17.0,1990
1388,p94s.rle,1972.6327316365816,12.0,1990
2508,crystallizationanddecayoscillator.rle,123.14930746537328,5.0,1990
1125,gunstar.rle,428.521576078804,23.0,1990
1888,tlogtgrowth.rle,2751.089354467724,5.0,1990
3263,22p4.3.rle,23.500075003750187,9.0,1990
1209,loaflipflop.rle,63.4007200360018,6.0,1990
26,10enginecordership.rle,181.01420071003548,12.0,1991
247,44p5h2v0.rle,12.031501575078751,28.0,1991
2547,p856glidergun.rle,196.44637231861591,5.0,1991
1515,primer.rle,1385.3378168908446,32.0,1991
800,cabertosser1.rle,202.77063853192655,10.0,1991
59,13enginecordership.rle,167.06970348517424,18.0,1991
1636,sawtooth1.rle,583.3076653832692,6.0,1991
928,cordpuller.rle,369.41977098854943,3.0,1991
1873,switchwave.rle,193.99474973748687,11.0,1991
1468,parabolicsawtooth.rle,502.0367518375919,11.0,1991
2546,p808glidergun.rle,293.5737286864343,3.0,1991
1127,gunstar2.rle,325.3787689384469,6.0,1991
2540,p120basedprng.rle,201.10715535776788,5.0,1992
1651,sawtooth1163.rle,524.841592079604,7.0,1992
1132,hacksaw.rle,387.88514425721286,9.0,1992
1390,p44piheptominohassler.rle,71.36446822341117,21.0,1992
1665,sawtooth1846.rle,1043.1438571928595,5.0,1992
1337,nonmonotonicspaceship1.rle,30.04930246512325,9.0,1992
170,25p3h1v0.2.rle,22.98334916745837,25.0,1992
695,20p4.rle,22.25001250062503,11.0,1992
1675,sawtooth362.rle,305.76118805940297,5.0,1992
1583,pushalong1.rle,30.04135206760338,17.0,1992
1931,70p2h1v0.1.rle,0.2010100505025251,14.0,1992
916,dart.rle,0.0542027101355067,43.0,1992
1211,laputa.rle,24.0,9.0,1992
319,70p5h2v0.rle,23.055702785139257,17.0,1992
1596,ringoffire.rle,74.99994999749987,6.0,1992
1911,toaster.rle,33.99994999749988,21.0,1992
1724,sidecar.rle,0.0706035301765088,36.0,1992
1295,middleweightvolcano.rle,37.400070003500176,33.0,1992
763,brain.rle,0.3368668433421671,76.0,1992
1681,sawtooth633.rle,765.2601630081504,5.0,1992
64,117p9h3v0.rle,20.189409470473525,15.0,1992
341,60p3h1v0.3.rle,21.37646882344117,8.0,1992
1164,hivenudger.rle,7.08530426521326,26.0,1992
1166,hivenudger2.rle,76.22266113305665,5.0,1992
1806,sparky.rle,22.15875793789689,24.0,1992
1678,sawtooth562.rle,291.5633281664083,3.0,1992
594,blinkerpuffer2.rle,14.232761638081904,6.0,1992
1253,logt2growth.rle,790.2077603880193,5.0,1992
2111,wickstretcher1.rle,203.29601480074004,12.0,1992
972,edgerepairspaceship1.rle,9.02595129756488,25.0,1992
1017,fly.rle,92.94629731486576,28.0,1992
2152,x66.rle,15.037201860093004,26.0,1992
1384,p50glidershuttle.rle,90.46002300115003,10.0,1992
1169,infinitegliderhotel.rle,631.2097104855243,23.0,1992
2515,gliderpusher.rle,41.60358017900895,8.0,1993
448,aforall.rle,27.33321666083304,10.0,1993
2712,bracketpulsar.rle,30.333266663333166,13.0,1993
738,boatstretcher1.rle,53.01045052252612,7.0,1993
2713,bracketquasar.rle,76.66653332666633,5.0,1993
2134,wingspaceship.rle,25.09435471773589,9.0,1993
1316,orion.rle,9.424421221061053,30.0,1993
974,electricfence.rle,84.1999599979999,12.0,1993
369,7enginecordership.rle,147.01345067253362,14.0,1993
3584,xp2_k3g44gljz11.rle,19.0,2.0,1993
1768,slowpuffer1.rle,86.72613630681533,10.0,1993
1821,star.rle,26.33316665833292,110.0,1993
1770,slowpuffer2.rle,51.2269613480674,10.0,1993
1765,spacefiller1.rle,753.7169358467924,5.0,1993
890,cross2.rle,37.66663333166658,11.0,1993
1016,enterprise.rle,32.08040402020101,15.0,1993
1352,mutteringmoat1.rle,19.99994999749988,8.0,1993
1422,p48toadhassler.rle,152.50022501125056,10.0,1994
761,bottle.rle,44.749837491874594,20.0,1994
2808,fourblinkersaroundfourblocks.rle,26.66678333916696,8.0,1994
1437,p58toadsucker.rle,152.15715785789288,10.0,1994
1392,p124lumpsofmuckhassler.rle,88.58212910645531,14.0,1994
1390,p44piheptominohassler.rle,71.36446822341117,21.0,1994
1386,p110trafficjam.rle,239.91854592729635,6.0,1994
1735,shipinabottle.rle,45.81234061703085,6.0,1994
1922,trafficcircle.rle,109.03995199759989,11.0,1994
1425,p50trafficjam.rle,60.32006600330016,9.0,1994
402,achimsotherp16.rle,83.50037501875093,14.0,1994
1608,rumblingriver1.rle,58.33336666833341,4.0,1994
2109,p200trafficjam.rle,213.4303215160758,5.0,1994
2186,twinbeesshuttleshasslingblinker.rle,72.3175658782939,4.0,1994
412,achimsp144.rle,50.34396719835991,24.0,1994
1785,smiley.rle,19.624931246562326,26.0,1994
126,233p3h1v0.rle,42.4073203660183,9.0,1994
990,fastforwardforcefield.rle,7.078053902695134,15.0,1994
405,achimsp11.rle,56.6362818140907,24.0,1994
904,crown.rle,42.916545827291365,26.0,1994
3982,vex.rle,35.54502725136257,6.0,1994
1350,newgun2.rle,84.24066203310166,9.0,1994
3272,3blockshifter.rle,38.505575278763935,9.0,1994
1501,period14glidergun.rle,2232.9501475073757,3.0,1994
1367,p42glidershuttle.rle,79.52382619130957,9.0,1994
1867,tnosedp6.rle,33.333166658332914,9.0,1994
34,186p24.rle,105.79153957697883,11.0,1994
434,achimsp8.rle,23.749987499374967,23.0,1994
1205,jasonsp6.rle,29.66653332666633,10.0,1994
3,101.rle,39.0,138.0,1994
1001,foreandback.rle,23.0,13.0,1994
2014,twinprimecalculator.rle,1408.260863043152,7.0,1994
1606,bistableswitch.rle,71.07670383519175,20.0,1994
1018,fountain.rle,42.0,37.0,1994
37,134p25.rle,75.11995599779989,9.0,1994
2347,metamorphosisii.rle,116.1659582979149,6.0,1994
497,pseudop6.rle,63.0,3.0,1994
420,achimsp16.rle,37.50012500625031,18.0,1994
1563,pseudobarberpole.rle,19.0,62.0,1994
72,145p20.rle,72.84999249962497,9.0,1995
2272,r64.rle,60.07180359017951,35.0,1995
112,22p36.rle,32.27866393319666,27.0,1995
1375,p35beehivehassler.rle,130.97179858992948,8.0,1995
1446,p60hassler.rle,60.81709085454273,2.0,1995
477,p18biblockhassler.rle,34.22221111055553,19.0,1995
2535,p46basedprng.rle,243.0811040552028,6.0,1995
1126,heavyweightvolcano.rle,54.599929996499824,36.0,1995
1790,spacefiller2.rle,682.1617080854043,67.0,1995
1521,piorbital.rle,165.62263113155657,18.0,1995
441,fourmoldshasslingeightblocks.rle,58.63498174908745,6.0,1995
75,124p21.rle,72.28566428321416,9.0,1995
598,max.rle,237.4183209160458,67.0,1995
1397,p156hansleohassler.rle,91.11055552777638,9.0,1995
2396,period256glidergun.rle,101.34036701835092,25.0,1995
842,coeship.rle,14.574028701435072,31.0,1995
2175,zweiback.rle,123.86679333966698,10.0,1995
1516,period50glidergun.rle,314.1486074303715,4.0,1996
4142,p67herschelloop.rle,193.24731236561828,7.0,1996
392,b52bomber.rle,87.977598879944,22.0,1996
2326,herschelstopper.rle,83.20901045052253,3.0,1996
2264,f117.rle,64.98914945747288,29.0,1996
2270,l156.rle,73.98744937246862,37.0,1996
1448,p61herschelloop1.rle,1242.0807540377018,9.0,1996
913,conduit1.rle,16.0,21.0,1996
1142,herschelreceiver.rle,69.97314865743287,28.0,1996
2242,fx119inserter.rle,61.5820791039552,15.0,1996
350,60p5h2v0.rle,14.063253162658132,28.0,1996
2269,l112.rle,69.97934896744837,35.0,1996
272,49p88.rle,51.001600080004,11.0,1996
2537,p52rpentominohassler.rle,82.78818940947048,2.0,1996
2395,period246glidergun.rle,83.09480474023701,2.0,1996
3140,rr56h.rle,45.07995399769988,6.0,1996
2319,glidertoblock.rle,36.0178008900445,11.0,1996
2273,r190.rle,78.97144857242861,15.0,1996
215,46p4h1v0.rle,33.00890044502225,26.0,1996
2266,fx119.rle,52.255862793139656,36.0,1996
1801,snail.rle,37.84354217710885,26.0,1996
2314,fx77.rle,94.12665633281664,45.0,1996
2402,period690glidergun.rle,74.3249662483124,3.0,1996
1827,stargate.rle,450.59782989149454,11.0,1996
2368,p184gun.rle,56.37196859842992,13.0,1996
1855,swan.rle,16.100105005250263,26.0,1996
2317,gliderstopper.rle,73.02670133506675,8.0,1996
1432,p5760unitlifecell.rle,1713.0460023001149,8.0,1996
2267,fx158.rle,73.96869843492175,19.0,1996
1642,hf95p.rle,86.66313315665784,11.0,1997
2327,hfx58b.rle,164.44267213360666,11.0,1997
2399,period44mwssgun.rle,170.37006850342516,6.0,1997
2263,f116.rle,57.0382019100955,19.0,1997
1144,herscheltransmitterstable.rle,54.87839391969598,19.0,1997
438,babblingbrook1.rle,35.74993749687484,3.0,1997
1914,totalaperiodic.rle,90.05685284264213,13.0,1997
827,champagneglass.rle,36.0,7.0,1997
1206,jaws.rle,3556.469647185564,12.0,1997
1404,p15prepulsarspaceship.rle,107.05330266513326,6.0,1997
161,258p3onachimsp11.rle,125.2725636281814,4.0,1997
1130,hebdarole.rle,55.0,18.0,1997
2406,pf35w.rle,50.98189909495475,14.0,1997
1992,trueperiod24gun.rle,133.70153507675383,2.0,1997
1442,p59herschelloop1.rle,1536.3086654332717,8.0,1997
165,44p14.rle,36.214310715535774,6.0,1997
2265,f166.rle,64.0642032101605,21.0,1997
1067,fx153.rle,66.06250312515625,21.0,1997
1809,spider.rle,20.11200560028001,58.0,1997
261,54p17.1.rle,36.58817940897045,14.0,1997
2274,rx202.rle,80.06890344517225,15.0,1997
155,258p3.rle,85.33326666333316,20.0,1997
2258,rf48h.rle,77.06065303265163,17.0,1997
2398,period44glidergun.rle,118.28071403570178,7.0,1997
1449,p61herschelloop2.rle,582.838791939597,10.0,1997
886,coesp8.rle,18.24981249062453,29.0,1997
144,29p9.rle,31.44437221861093,12.0,1997
1002,elkiesp5.rle,21.8000400020001,12.0,1997
1435,p57herschelloop1.rle,978.8393419670984,11.0,1997
2271,lx200.rle,84.0050002500125,20.0,1997
2081,vacuumgun.rle,134.085604280214,8.0,1997
1481,pipsquirter1.rle,35.83329166458323,14.0,1997
2268,fx176.rle,89.032801640082,17.0,1997
2091,waveguide1.rle,16.567278363918195,3.0,1997
8,168p22.1.rle,77.77278863943197,12.0,1997
226,28p7.1.rle,29.71428571428571,21.0,1998
2261,bx125.rle,60.10790539526976,13.0,1998
178,28p7.2.rle,26.285714285714285,15.0,1998
1332,mosquito1.rle,1691.1509575478774,11.0,1998
2381,p5bouncer.rle,65.1981599079954,11.0,1998
273,41p7.2.rle,34.14285714285714,21.0,1998
2083,wasp.rle,15.56472823641182,17.0,1998
374,7inarowcordership.rle,199.048402420121,12.0,1998
1340,mosquito4.rle,4439.758750837036,10.0,1998
1560,prepulsarspaceship.rle,118.43122156107805,15.0,1998
2278,silvergtoh.rle,114.2825641282064,10.0,1998
1753,silversreflector.rle,102.51682584129206,3.0,1998
384,8enginecordership.rle,102.39476973848691,7.0,1998
2383,p6bouncer.rle,44.588529426471325,9.0,1998
2262,bx222.rle,83.08445422271113,24.0,1998
1342,mosquito5.rle,4812.381915118243,12.0,1998
2389,p8bouncer.rle,34.10080504025201,16.0,1998
166,37p10.1.rle,32.69998499924996,11.0,1998
1846,superfountain.rle,99.99994999749988,13.0,1998
2386,p7bouncer.rle,61.46892344617231,17.0,1998
935,deepcell.rle,1833.974498724936,16.0,1998
1339,mosquito3.rle,4465.204148348552,10.0,1998
2259,rneminus19t84.rle,38.008850442522125,13.0,1998
297,6enginecordership.rle,152.65078253912694,9.0,1998
894,diuresis.rle,75.9104455222761,14.0,1998
1830,thumb1.rle,27.88884444222211,29.0,1998
1336,mosquito2.rle,2091.7738386919345,10.0,1998
2277,callahangtoh.rle,62.95439771988599,24.0,1998
1322,orion2.rle,10.04905245262263,15.0,1999
801,canadagoose.rle,11.112705635281763,27.0,1999
2240,barbershop.rle,2903.566228311416,10.0,1999
1486,pipsquirter2.rle,44.85714285714285,15.0,1999
268,400p49.rle,168.3673183659183,6.0,1999
1061,glideremulator.rle,33.80974048702435,4.0,1999
673,blockstacker.rle,2584.843092154608,19.0,1999
2333,jasonsp33.rle,54.48437421871093,20.0,2000
946,dragon.rle,61.96369818490924,43.0,2000
901,crab.rle,14.102055102755138,51.0,2000
824,catacryst.rle,1869.8247912395616,20.0,2000
44,134p39.1.rle,68.10245512275614,10.0,2000
1991,turingmachine.rle,8376.76823841192,46.0,2000
3243,wings.rle,15.096254812740636,42.0,2000
978,edgerepairspaceship2.rle,25.055352767638382,6.0,2000
1007,fermatprimecalculator.rle,4481.300736635804,19.0,2000
1849,teeth.rle,1409.0123506175307,12.0,2000
3154,silversp5onsnake.rle,19.79993999699985,31.0,2000
1307,metacatacryst.rle,1648.3542177108857,23.0,2000
2220,72p6h2v0.rle,23.20226011300565,6.0,2000
188,36p22.rle,40.95414770738537,15.0,2000
132,30p5h2v0.rle,9.029001450072505,38.0,2000
2094,weekender.rle,0.072153607680384,64.0,2000
531,p6thumb.rle,26.666683334166702,21.0,2000
127,295p5h1v1.rle,58.836691834591726,20.0,2000
1986,trueperiod22gun.rle,108.85414270713537,4.0,2000
2363,p130shuttle.rle,85.48162408120406,10.0,2001
68,55p9h3v0.rle,20.17000850042502,11.0,2001
1600,quadpseudostilllife.rle,29.0,22.0,2001
447,backrake1.rle,60.6274813740687,14.0,2001
1967,triplepseudostilllife.rle,23.0,18.0,2001
750,boojumreflector.rle,58.10510525526277,23.0,2001
925,cooloutconjecture.rle,0.0029001450072503,8.0,2001
1058,frothingpuffer.rle,110.10195509775488,9.0,2001
568,blom.rle,34.0302015100755,9.0,2002
1174,infinitelwsshotel.rle,1117.6755837791889,10.0,2002
2365,p15bouncer.rle,39.323316165808286,9.0,2002
1075,gabrielsp138.rle,55.83274163708185,28.0,2002
244,50p35.rle,52.05635281764088,11.0,2002
1853,123p27.1.rle,56.99994999749988,11.0,2002
141,31p8h4v0.rle,58.24666233311665,16.0,2002
394,98p25.rle,69.64018200910046,11.0,2002
1219,karelsp15.rle,35.73253662683134,19.0,2002
1420,p24shuttle.rle,41.83334166708335,13.0,2002
325,69p48.rle,40.79173958697935,13.0,2002
768,bricklayer.rle,435.3855692784639,15.0,2002
1041,foureatershasslingfourbookends.rle,58.61078053902695,6.0,2002
2045,vgun.rle,7144.915245762288,8.0,2003
0,,,,2003
304,6enginecordershipgun.rle,6296.891744587229,4.0,2003
1000,firespitting.rle,19.0,25.0,2003
367,p435gun.rle,258.48962448122404,4.0,2003
487,p60bheptominoshuttle.rle,67.82894144707235,4.0,2003
1203,jasonsp11.rle,64.54527726386318,7.0,2003
4309,p4pipsquirteroriginal.rle,49.50002500125006,5.0,2003
2280,131c31climber.rle,43.05200260013,6.0,2003
2384,p6shuttle.rle,28.666583329166457,6.0,2004
1217,justyna.rle,48.71033551677584,9.0,2004
0,160p10h2v0.rle,20.234361718085903,7.0,2004
440,b29.rle,0.0622531126556327,32.0,2004
187,p156gun.rle,109.41742087104356,11.0,2004
400,almostknightship.rle,194.7120356017801,14.0,2004
4223,35p4h1v1.rle,13.11605580279014,6.0,2004
1443,p59herschelloop2.rle,1328.2055602780138,5.0,2004
1215,jsp36.rle,57.83299164958248,7.0,2004
241,3enginecordership.rle,121.5456772838642,19.0,2004
687,blonker.rle,21.833241662083104,17.0,2004
1156,iwona.rle,72.68953447672384,21.0,2004
1358,onepergeneration.rle,36.69233461673083,4.0,2005
324,5enginecordership.rle,187.71763588179408,10.0,2005
349,7468m.rle,13.03315165758288,11.0,2005
2241,tnosedp5.rle,80.20011000550028,5.0,2005
213,37p7.1.rle,33.14285714285714,24.0,2005
1218,lidka.rle,47.14380719035952,18.0,2005
2385,p72quasishuttle.rle,64.72243612180608,7.0,2005
1091,halfmax.rle,1175.5766288314414,20.0,2005
357,86p5h1v1.rle,19.484024201210055,12.0,2005
923,crane.rle,24.1973598679934,10.0,2005
1838,switchenginechannel.rle,171.13470673533675,9.0,2005
283,4enginecordership.rle,111.5348767438372,13.0,2005
3301,33p4h1v1.rle,16.54407720386019,8.0,2005
120,23334m.rle,18.008000400020002,8.0,2005
1702,seal.rle,27.191259562978143,25.0,2005
1193,jaggedlines.rle,209.36851842592128,13.0,2005
770,brokenlines.rle,934.9701485074252,8.0,2005
2419,ruler.rle,379.2121606080304,14.0,2005
1823,94p27.1.rle,55.963048152407616,9.0,2005
1346,movingsawtooth.rle,354.63058152907644,15.0,2005
2288,f171.rle,60.02970148507425,19.0,2006
1046,gottsdots.rle,605.0081504075204,12.0,2006
2307,demultiplexer.rle,42.04705235261763,15.0,2006
159,274p6h1v0.rle,111.00575028751436,13.0,2006
4064,shipplusfishhook.rle,15.0,17.0,2006
1593,rileysbreeder.rle,413.0371518575929,5.0,2006
131,235c79climber.rle,56.65378268913445,11.0,2006
2558,sidewinder.rle,18.167958397919897,8.0,2006
288,67p5h1v1.rle,22.31896594829741,14.0,2006
3190,trafficlightsextruder.rle,5356.781839091955,9.0,2006
180,26cellquadraticgrowth.rle,904.774438721936,17.0,2006
1109,honeybit.rle,34.00405020251012,14.0,2006
915,cyclic.rle,27.499974998749934,40.0,2006
1378,otcametapixel.rle,5798.187517317817,43.0,2006
1126,heavyweightvolcano.rle,54.599929996499824,36.0,2007
309,78p70.rle,66.92974648732437,12.0,2007
2004,landoflakes.rle,28.0,9.0,2007
2470,52p84.rle,45.07100355017751,6.0,2007
1744,karelsp177.rle,131.24701235061752,21.0,2007
289,88p28.rle,75.71223561178059,8.0,2007
1235,lightspeedoscillator3.rle,261.4001200060003,4.0,2007
1232,lightspeedoscillator2.rle,143.80014000700035,4.0,2007
2003,foureaters.rle,31.0,30.0,2007
1227,lightspeedoscillator1.rle,123.2000100005,4.0,2007
2532,p25prepulsarshuttle.rle,58.28011400570029,7.0,2007
152,35201m.rle,168.71573578678934,13.0,2008
1026,eve.rle,30.05035251762588,4.0,2008
1414,p1megacell.rle,11836.605025773197,2.0,2008
1629,scotsp5.rle,22.400020001000048,10.0,2008
45,114p6h1v0.rle,67.62403120156007,21.0,2008
557,44p12.3.rle,37.499274963748185,19.0,2009
123,128p10.2.rle,77.99989999499975,9.0,2009
1634,beluchenkosp37.rle,91.29206460323016,13.0,2009
189,26p40.rle,34.44982249112456,4.0,2009
1391,p11pinwheel.rle,54.90909545477274,5.0,2009
310,56p6h1v0.rle,52.38311915595779,25.0,2009
2641,bigabehindtwolwss.rle,9.055352767638382,49.0,2009
7,487tickreflector.rle,182.63468173408668,7.0,2009
2466,46p10.rle,45.00005000250013,7.0,2009
2194,maximumvolatilitygun.rle,2538.5347767388366,4.0,2009
77,beluchenkosp51.rle,98.40237011850591,13.0,2009
2551,period88glidergun.rle,123.01535076753837,8.0,2009
227,38p7.2.rle,33.42857142857143,31.0,2009
1518,period59gun.rle,26441.672463768115,9.0,2009
27,48p22.1.rle,42.999799989999495,12.0,2009
137,34p13.rle,30.846242312115603,14.0,2009
2609,68p32.rle,58.499974998749934,13.0,2009
1990,rectifier.rle,63.05255262763138,38.0,2009
308,6inarowcordership.rle,123.09685484274212,6.0,2010
317,58p5h1v1.rle,24.14830741537077,42.0,2010
276,56p27.rle,60.2237611880594,33.0,2010
1373,p32blinkerhassler2.rle,68.46897344867243,8.0,2010
1297,mmp11.rle,46.99989999499975,7.0,2010
1005,ellisonp4hwemulator.rle,36.24986249312465,17.0,2010
296,c5diagonalrake.rle,856.3381169058453,6.0,2010
1410,p44trafficlighthassler.rle,114.31671583579178,6.0,2010
2139,110p62.rle,87.44837241862093,6.0,2010
264,48p31.rle,49.67623381169058,19.0,2010
2221,74p8h2v0.rle,13.125206260313016,5.0,2010
143,24p10.rle,27.8000400020001,14.0,2010
2110,merzenichsp64.rle,42.84339216960848,23.0,2010
11,132p37.rle,113.89194459722984,9.0,2010
1050,fred.rle,104.3359167958398,14.0,2010
2062,universalturingmachine.rle,35534.55445544555,26.0,2010
2465,44p10.rle,36.00010000500025,4.0,2010
39,32829m.rle,100.74018700935046,6.0,2010
1670,sawtooth260.rle,190.5177258862943,11.0,2010
1371,p32blinkerhassler.rle,55.406220311015545,10.0,2010
977,ed.rle,189.5918295914796,44.0,2010
1510,period45glidergun.rle,114.55317765888294,12.0,2010
951,edna.rle,83.38421921096054,11.0,2010
1022,flyingwing.rle,221.5776788839442,12.0,2010
3557,r126.rle,49.07065353267663,9.0,2011
1512,period48pihassler.rle,76.08210410520526,3.0,2011
61,40514m.rle,213.21016050802535,10.0,2011
2318,gliderto2blocks.rle,34.02430121506075,9.0,2011
2940,lobster.rle,33.56882844142207,16.0,2011
1863,swine.rle,57.19985999299965,11.0,2011
1312,montana.rle,30.200010000500026,3.0,2011
1389,p11doublelengthsignalinjector.rle,77.63633181659083,4.0,2011
2168,pulsarpixeldisplay.rle,18014.26842362128,6.0,2011
1305,merzenichp18.rle,41.05555277763888,2.0,2011
2315,g4receiver.rle,86.74953747687384,14.0,2011
322,5blink.rle,29.399869993499674,9.0,2011
105,1xnquadraticgrowth.rle,12034.394379844962,2.0,2011
361,77p6h1v1.rle,38.2167608380419,18.0,2011
3871,period113glidergun.rle,92.64583229161458,4.0,2012
194,37p4h1v0.rle,0.1452072603630181,18.0,2012
4225,86p6h3v0.rle,41.13225661283064,5.0,2012
3393,hlx111r.rle,58.014800740037,9.0,2012
2534,p31glidershuttle.rle,109.126406320316,124.0,2012
1405,p26glidershuttle.rle,119.26681334066704,14.0,2012
623,statorlessp3.rle,68.66648332416621,10.0,2012
2378,p4reflector.rle,130.2741637081854,7.0,2012
4,31.4.rle,24.0,17.0,2013
1503,period20glidergun.rle,247.54427721386068,3.0,2013
1786,snark.rle,45.006800340017,209.0,2013
2123,31c240reaction.rle,33.162358117905896,5.0,2013
2255,135degreemwsstog.rle,26.00525026251313,7.0,2013
1216,loafer.rle,23.65143257162858,82.0,2013
142,347c156climber.rle,193.70553527676384,7.0,2013
697,centuryeatersl.rle,22.0,15.0,2013
1639,corderheisenburpmodeld.rle,435.8809440472023,7.0,2013
4379,p67snarkloop.rle,147.4357217860893,6.0,2013
395,ak94.rle,90.25981299064954,19.0,2013
0,,,,2013
1377,p43gliderloop.rle,135.0230011500575,3.0,2013
1508,period40glidergun.rle,692.0119005950297,10.0,2013
1708,semisnark.rle,40.00905045252262,40.0,2013
140,24cellquadraticgrowth.rle,1287.5431271563575,9.0,2014
1207,jaydot.rle,0.1411070553527676,9.0,2014
589,spiralgrowth.rle,4885.6091488129705,16.0,2014
1538,pufferfish.rle,32.01650082504125,46.0,2014
2180,65p48.rle,42.479173958697935,10.0,2014
2599,50p9.rle,31.77768888444422,14.0,2014
2098,weekenderdistaff.rle,1564.9673483674185,14.0,2014
318,c12rpentominocrawler.rle,70.41302065103255,2.0,2014
2474,90p51.rle,55.90164508225411,10.0,2014
1148,honeythieves.rle,36.235061753087656,24.0,2014
167,25cellquadraticgrowth.rle,1219.5062753137656,8.0,2014
1546,pufferfishspaceship.rle,85.065203260163,46.0,2014
1871,switchenginepingpong.rle,913.4458222911144,24.0,2014
1159,hookwithtail.rle,11.0,144.0,2014
483,p29trafficfarmhassler.rle,77.65508275413771,9.0,2015
2524,ocellus.rle,60.45612280614031,5.0,2015
0,,,,2015
2256,brx46b.rle,25.031501575078757,17.0,2015
3871,period113glidergun.rle,92.64583229161458,4.0,2015
42,53p13.rle,36.38436921846092,15.0,2015
22,blx19r.rle,29.53632681634081,9.0,2015
74,gtolwss.rle,237.3297164858243,6.0,2015
612,simkinsp60.rle,61.49862493124656,10.0,2015
1605,quadraticsawtooth.rle,2950.741587079354,13.0,2015
2468,50p92.1.rle,63.76773838691934,11.0,2015
2243,sw1t43.rle,49.55292764638232,8.0,2015
0,,,,2015
2069,hl75p.rle,86.66403320166008,10.0,2015
1655,sawtooth177.rle,206.3852692634632,13.0,2015
2257,bne14t30.rle,32.07710385519276,9.0,2015
1412,p18honeyfarmhassler.rle,57.16645832291614,7.0,2015
4281,cbx37cconduit.rle,36.4409220461023,6.0,2015
50,35p12.rle,32.916645832291614,9.0,2015
2200,b60.rle,51.94134706735336,12.0,2015
0,,,,2015
2237,sidesnagger.rle,24.0,15.0,2015
2331,htomwss.rle,122.67853392669632,18.0,2015
1887,tloglogtgrowth.rle,1344.5981799089957,7.0,2015
0,,,,2015
188,36p22.rle,40.95414770738537,15.0,2015
2433,syringe.rle,117.16490824541226,89.0,2015
2276,beehivestopper.rle,42.065703285164254,5.0,2015
1754,simkinglidergun.rle,49.87864393219661,37.0,2015
0,,,,2015
4222,34p5h2v0.rle,8.03675183759188,5.0,2015
1577,prepulsarshuttle58.rle,69.6544827241362,3.0,2015
1669,sawtooth201.rle,399.23911195559776,6.0,2015
2084,45degreemwsstog.rle,53.4351217560878,14.0,2015
1664,sawtooth181.rle,261.6810840542027,9.0,2015
3565,rx262.rle,106.13030651532576,7.0,2015
1533,ponyexpress.rle,130.64278213910694,15.0,2015
104,271c72climber.rle,201.05690284514225,6.0,2016
2133,84p87.rle,82.77168858442921,14.0,2016
1387,p35honeyfarmhassler.rle,43.65733286664333,13.0,2016
780,twoblockershasslingrpentomino.rle,41.12495624781239,17.0,2016
774,bumper.rle,29.000050002500124,105.0,2016
0,,,,2016
1565,p28prepulsarshuttle.rle,52.28536426821341,11.0,2016
2202,spaghettimonster.rle,145.4433221661083,32.0,2016
334,600p6h1v0.rle,170.4079203960198,5.0,2016
2477,132p7.rle,62.57142857142857,14.0,2016
926,copperhead.rle,24.988999449972496,68.0,2016
2387,p7bumper.rle,41.37496874843742,13.0,2016
1659,rattlesnake.rle,32.6362818140907,54.0,2016
996,fireship.rle,42.448722436121805,32.0,2016
62,bx106.rle,146.08445422271112,16.0,2016
2400,period48glidergun.rle,146.00095004750236,24.0,2016
908,cthulhu.rle,28.0,18.0,2016
394,98p25.rle,69.64018200910046,11.0,2016
906,cloverleafinterchange.rle,31.0,12.0,2016
1522,period61glidergun.rle,1560.578378918946,22.0,2016
2531,p21honeyfarmhassler.rle,52.33166658332917,124.0,2016
2390,p8bumper.rle,32.23226161308065,11.0,2016
2366,p15bumper.rle,38.44742237111856,10.0,2016
0,,,,2016
32,112p15.rle,73.39786989349467,12.0,2016
1591,richsp16.rle,35.93754687734386,53.0,2016
2362,p11bumper.rle,57.4479223961198,8.0,2016
592,birthdaypuffer.rle,584.4358717935896,7.0,2016
1096,grandfatherproblemsolved.rle,153.95709785489274,28.0,2016
3145,scorbiesplitter.rle,78.00290014500725,8.0,2016
3964,p68glidergun2016bb114x63.rle,251.61498074903744,8.0,2016
1834,statorlessp5.rle,40.800040002000095,15.0,2016
2392,p9bumper.rle,41.29041452072603,13.0,2016
2177,cismirroredprofessor.rle,31.0,41.0,2016
2375,p4bumper.rle,35.60198009900495,11.0,2016
2382,p5bumper.rle,44.7908395419771,13.0,2016
0,,,,2017
2235,tremisnark.rle,43.0,14.0,2017
2154,hydra.rle,12046.329268292682,14.0,2017
556,mwssgun1.rle,119.00850042502124,10.0,2017
2376,p4colourchangingcenark.rle,84.48657432871643,7.0,2017
2302,ccsemicenark.rle,68.98244912245612,12.0,2017
60,28p7.3.rle,28.71428571428571,28.0,2017
1369,24827m.rle,5.158107905395269,6.0,2017
2306,cpsemicenark.rle,56.007200360018,13.0,2017
2404,period92glidergun.rle,93.19280964048204,3.0,2017
2377,p4colourpreservingcenark.rle,72.99974998749937,5.0,2017
2234,cpsemisnark.rle,48.0,13.0,2017
3371,f131.rle,78.94784739236961,6.0,2017
597,runnynose.rle,20.999899994999748,7.0,2017
2226,2enginecordership.rle,69.4021201060053,61.0,2017
2224,tannersp46.rle,45.67483374168708,30.0,2017
2233,quadrisnark.rle,51.0,19.0,2017
2124,339p7h1v0.rle,121.46127306365318,11.0,2017
2193,68p9.rle,49.77718885944297,19.0,2018
136,lwssgun1.rle,139.0758037901895,3.0,2018
3965,p68glidergun2018bb118x57.rle,263.0645532276613,8.0,2018
514,p64tbh.rle,44.92189609480474,9.0,2018
94,68p16.rle,57.06230311515576,11.0,2018
245,cottonmouth.rle,42.19185959297965,8.0,2018
2448,wilma.rle,187.56407820391016,10.0,2018
2253,54p3h1v0.rle,9.075953797689884,6.0,2018
4052,p5quintisnark.rle,75.15270763538176,11.0,2018
31,34p14shuttle.rle,34.928546427321365,66.0,2018
527,p36shuttle.rle,54.02735136756838,9.0,2018
480,period52gun5.rle,373.5820291014551,14.0,2018
82,33p3.1.rle,30.999949997499872,10.0,2018
2248,sirrobin.rle,198.1504575228761,50.0,2018
452,209p8.rle,90.12500625031252,8.0,2018
54,bronco.rle,94.93819690984547,16.0,2018
2371,p3bumper.rle,38.40537026851342,15.0,2018
63,55p10.rle,42.10000500025001,26.0,2018
71,42883m.rle,82.78678933946696,6.0,2018
409,jormungantsgtoh.rle,98.04815240762038,13.0,2018
2338,linecrosser.rle,3117.6753337666883,14.0,2018
2397,period33gun.rle,143.85914295714784,8.0,2018
2449,42100m.rle,60.692134606730335,11.0,2018
2401,period52gun.rle,1913.478023901195,23.0,2018
577,p5pipsquirter.rle,35.400070003500176,8.0,2018
0,,,,2018
3953,p4bouncer.rle,82.73113655682783,11.0,2018
4229,mwssbehindcoeship.rle,19.047302365118256,3.0,2018
2391,p9bouncer.rle,46.0506025301265,11.0,2018
1025,64p6.rle,39.499974998749934,4.0,2019
2610,180p8.rle,71.6246812340617,13.0,2019
1402,47575m.rle,41.91154557727887,11.0,2019
1995,davidhilbert.rle,75.08645432271614,38.0,2019
1905,scholar.rle,61.46602330116506,14.0,2019
1858,66p13.rle,43.4615230761538,29.0,2019
327,duelingbanjos.rle,52.16765838291914,20.0,2019
2473,74p85.rle,52.44687234361718,10.0,2019
249,r49.rle,114.82859142957147,27.0,2019
1946,p49skewedpulsarhassler.rle,466.182009100455,8.0,2019
2033,186p7h2v0.rle,17.629581479073952,8.0,2020
2486,anura.rle,33.58072903645182,17.0,2020
4220,23p4h2v0tagalongonlwss.rle,15.060503025151258,9.0,2020
2559,soba.rle,58.2255612780639,16.0,2020
2017,silverfish.rle,40820.04421768707,17.0,2020
2489,beehivepushcatalyst.rle,37.0,14.0,2020
2512,doodah.rle,14.159757987899397,13.0,2020
3063,p143bandersnatchloop.rle,115.67918395919796,9.0,2020
2087,4inarowcordership.rle,98.34716735836793,6.0,2020
2475,104p9.rle,55.88894444722236,15.0,2020
3997,congalineswitchengineextender.rle,932.8501925096256,2.0,2020
1999,49768m.rle,64.9713985699285,10.0,2020
2070,l122.rle,74.11495574778739,17.0,2020
2550,period28glidergun.rle,279.89194459722984,22.0,2020
2044,409p6h1v0.rle,355.7690384519226,7.0,2020
2055,bandersnatch.rle,60.04300215010751,41.0,2020
1939,robsp16.rle,23.12495624781239,49.0,2020
2555,rauccisp217.rle,207.887194359718,9.0,2021
3409,p4syringe.rle,73.12840642032101,4.0,2021
2545,p576rhassler.rle,121.14710735536777,7.0,2021
2607,62p7.rle,43.85714285714285,14.0,2021
2520,nihonium.rle,97.80679033951697,10.0,2021
3062,p128wingshuttle.rle,84.3747187359368,9.0,2021
3966,p68glidergun2021bb79x68.rle,257.2176608830441,8.0,2021
3037,p11dominosparker.rle,36.181859092954646,12.0,2021
2903,period174glidergun.rle,96.38646932346616,21.0,2021
3162,strictlyvolatilep4.rle,183.00055002750136,11.0,2021
2480,50093m.rle,66.97174858742937,12.0,2021
2400,period48glidergun.rle,146.00095004750236,24.0,2021
2364,p144gun.rle,72.98669933496674,5.0,2021
2544,p486hasslerpopulation.rle,113.84379218960947,7.0,2021
3028,p3pipsquirter.rle,28.666683334166702,10.0,2021
4049,72p21.rle,64.66498324916246,6.0,2021
2869,p32honeyfarmhassler.rle,47.37491874593729,124.0,2021
3095,trueperiod54gun.rle,77.65478273913695,12.0,2021
2539,p96honeyfarmhassler.rle,63.3979198959948,124.0,2021
3166,threequarterstrafficlightcatalyst.rle,20.99994999749988,3.0,2021
2815,gallus.rle,67.12230611530576,7.0,2021
3036,p11bouncer.rle,43.65643282164108,8.0,2021
2483,52513m.rle,77.52872643632182,17.0,2021
2608,66p62.rle,58.563078153907696,12.0,2021
2530,p21bhassler.rle,72.14385719285964,13.0,2021
2560,sprayer.rle,155.29741487074352,17.0,2021
1002,elkiesp5.rle,21.8000400020001,12.0,2021
2541,p196pihassler.rle,66.71003550177508,14.0,2021
2563,tnosedp7.rle,41.85714285714285,7.0,2021
2478,754p7.rle,215.8571428571429,17.0,2021
2554,rauccisp74.rle,82.02735136756837,10.0,2021
3059,p76piheptominohassler3.rle,55.04725236261813,21.0,2021
0,,,,2021
3096,trueperiod55gun.rle,84.90589529476473,10.0,2021
2552,period117gun.rle,110.16370818540926,13.0,2021
3718,36p25.rle,34.88014400720036,9.0,2022
3320,58p37.rle,55.700235011750586,17.0,2022
3796,p166rpentominohassler.rle,79.70838541927095,52.0,2022
3582,unsynthesizableoscillator1.rle,226.0,4.0,2022
3562,rauccisp102.rle,63.47922396119806,7.0,2022
3871,period113glidergun.rle,92.64583229161458,4.0,2022
3529,p146piheptominohassler.rle,56.71313565678284,12.0,2022
3967,p68glidergun2022bb56x35.rle,144.88269413470672,8.0,2022
3806,52p44.rle,53.22726136306815,7.0,2022
3852,p73lumpsofmuckhassler.rle,73.6730836541827,39.0,2022
3356,charitysp16.rle,30.375018750937546,19.0,2022
3787,p86rpentominohassler.rle,113.43297164858242,9.0,2022
3030,p4assistedperiod28glidergun.rle,109.5728786439322,10.0,2022
3264,30p3.rle,27.666483324166208,9.0,2022
3751,p34piheptominohassler.rle,77.8514425721286,8.0,2022
3824,p23piheptominohassler.rle,59.65298264913245,3.0,2022
3897,diamondback.rle,31.363618180909043,8.0,2022
3329,74p34.rle,64.23341167058352,22.0,2022
3414,p6dominofountain.rle,39.83329166458323,7.0,2022
3917,p59glidershuttle.rle,146.7298364918246,93.0,2022
3821,p16assistedp32glidergun.rle,94.48817440872044,8.0,2022
3232,twinbeesshuttleon21p4.1.rle,51.83884194209711,8.0,2022
3423,p10dominofountain.rle,66.10010500525026,11.0,2022
3810,76p86.rle,69.23951197559877,11.0,2022
3397,hrx65r.rle,73.7850392519626,13.0,2022
3719,70p26.rle,56.19150957547877,14.0,2022
3299,30p25.rle,36.88009400470023,48.0,2022
3313,43p54.rle,48.79598979948997,14.0,2022
3510,p84honeyfarmhassler.rle,57.4367218360918,93.0,2022
3618,p49rpentominohassler.rle,104.7742387119356,7.0,2022
3292,22cellquadraticgrowth.rle,677.5693284664233,7.0,2022
2585,44p38.rle,49.918345917295866,27.0,2022
3813,92p23.rle,84.43532176608831,12.0,2022
2596,35p12h6v0.rle,7.142707135356767,12.0,2022
3707,p822hdreflector.rle,44.630281514075705,14.0,2022
3499,p58piheptominohassler.rle,64.41807090354517,13.0,2022
3302,34p7.rle,33.14285714285714,35.0,2022
3973,period34glidergun.rle,149.1861593079654,10.0,2022
3648,p11thumb.rle,32.181859092954646,8.0,2022
3332,84p199.rle,95.01545077253864,15.0,2022
2016,twirlingttetsons2.rle,47.93264663233161,19.0,2022
2611,232p7h3v0.rle,62.571878593929696,14.0,2022
4282,cl48cconduit.rle,51.448022401120056,8.0,2022
3288,20cellquadraticgrowth.rle,382.1594579728986,11.0,2022
0,,,,2022
2400,period48glidergun.rle,146.00095004750236,24.0,2022
3792,p111rpentominohassler.rle,144.14955747787388,93.0,2022
354,p36gun.rle,132.34371718585928,11.0,2022
3808,55p23.rle,54.56512825641282,12.0,2022
3685,p71honeyfarmhassler.rle,84.13375668783439,93.0,2022
3073,period27glidergun.rle,202.23181159057955,11.0,2022
2857,p23honeyfarmhassler.rle,57.6086804340217,124.0,2022
3799,period43glidergun.rle,79.4825241262063,21.0,2022
3330,74p127.rle,82.06405320266013,13.0,2022
54,bronco.rle,94.93819690984547,16.0,2022
4221,32p4h2v0.rle,0.096754837741887,8.0,2022
4155,112p57.rle,85.77178858942946,8.0,2022
3941,chucklebait.rle,22.0,14.0,2022
4069,42p14.rle,41.64198209910495,3.0,2022
3962,p61piheptominohassler.rle,101.06895344767238,77.0,2022
3826,p28blockpuffer.rle,31.18320916045802,9.0,2022
3804,34p20.rle,33.74963748187409,10.0,2022
4092,p112puffer20220212.rle,139.64713235661782,4.0,2022
3691,p85rpentominohassler.rle,71.99324966248312,9.0,2022
3554,quartermax.rle,792.0358517925896,10.0,2022
3290,21cellquadraticgrowth.rle,1016.3381169058453,7.0,2022
3616,p45piheptominohassler3.rle,44.21986099304965,21.0,2022
2601,58p8h4v0.rle,47.55752787639382,10.0,2022
3789,p186pihassler.rle,91.53917695884792,77.0,2022
3701,p129rpentominohassler.rle,61.338666933346666,11.0,2022
3946,gridsp16.rle,42.625031251562575,6.0,2022
3911,p38honeyfarmshuttle.rle,90.10625531276564,14.0,2022
3807,54p94.rle,61.033601680084,11.0,2022
3778,p68lumpsofmuckhassler.rle,87.74883744187208,39.0,2022
3991,americandream.rle,72.87394369718486,7.0,2022
1096,grandfatherproblemsolved.rle,153.95709785489274,28.0,2022
3913,p43piheptominohassler.rle,81.60183009150457,11.0,2022
0,,,,2022
3048,p39piheptominohassler.rle,66.76973848692434,7.0,2022
3926,period25glidergun.rle,68.66393319665983,9.0,2022
3868,period51glidergun2022.rle,107.12515625781288,11.0,2022
3572,speedtunnel.rle,83.96709835491774,26.0,2022
3235,uniquefatherproblemsolved.rle,52.70133506675334,28.0,2022
3403,meatball.rle,33.42857142857143,17.0,2022
3324,62p83.rle,70.09705485274263,11.0,2022
3931,90p7h1v0.rle,47.65203260163008,9.0,2022
4261,92p59.rle,91.78108905445272,6.0,2022
2595,32p21.rle,30.809090454522725,25.0,2022
4263,255p132.rle,130.77408870443523,11.0,2022
3790,p94rpentominohassler.rle,72.52327616380819,7.0,2022
3929,76p75.rle,59.61503075153757,4.0,2022
3782,p79pihassler.rle,76.8064403220161,7.0,2022
3508,p82pihassler.rle,92.0774038701935,10.0,2022
0,,,,2022
1939,robsp16.rle,23.12495624781239,49.0,2022
0,,,,2022
4324,p24glidergun20230727.rle,135.06715335766788,4.0,2023
0,,,,2023
4247,p71glidershuttle.rle,92.90364518225913,93.0,2023
4162,moldonfirespitting.rle,24.5832791639582,25.0,2023
4076,116p101.rle,93.49467473373667,12.0,2023
4088,p68glidergun2023bb39x33.rle,106.09290464523224,8.0,2023
4232,p13rpentominohassler.rle,65.99989999499975,52.0,2023
4152,period61glidergun2023.rle,130.8824441222061,93.0,2023
4043,walrus.rle,24.59072953647682,18.0,2023
4130,p47lumpsofmuckhassler.rle,118.87669383469174,39.0,2023
4053,p13dominosparker.rle,41.692134606730335,10.0,2023
4009,p24gliderlesslwssgun.rle,129.80159007950397,7.0,2023
0,,,,2023
4116,p17rhassler202304.rle,60.52907645382269,5.0,2023
4133,p49pihassler.rle,84.58872943647182,11.0,2023
4248,204p41.rle,137.46422321116054,15.0,2023
4100,42p38.rle,51.68313415670784,24.0,2023
4405,period41glidergun.rle,299.5077253862693,5.0,2023
4137,p59piheptominohassler.rle,71.15330766538327,77.0,2023
4387,p93rpentominohassler.rle,118.81494074703734,8.0,2023
4143,p68centuryhassler.rle,47.894994749737485,30.0,2023
3989,94p53.rle,83.44757237861893,14.0,2023
4249,cribbage.rle,62.999199959998,14.0,2023
4073,64p63.rle,50.174358717935895,6.0,2023
4097,zerodegreereflector202303.rle,61.02290114505725,7.0,2023
4124,p26honeyfarmhassler.rle,59.42227111355568,93.0,2023
0,,,,2023
4141,p67bheptominohassler202304.rle,128.55737786889344,5.0,2023
4163,oddtrafficstop.rle,41.0,7.0,2023
4151,period49glidergun202304.rle,182.2621631081554,4.0,2023
3995,charitysp25.rle,97.72058602930146,11.0,2023
4070,51p384.rle,58.10310515525776,16.0,2023
4121,p23piheptominohassler202304.rle,69.52167608380418,7.0,2023
4200,p82lomhassler.rle,66.96669833491674,39.0,2023
4260,86p280.rle,74.11145557277864,10.0,2023
4074,72p119.rle,82.01145057252862,12.0,2023
3996,charitysp30.rle,42.066803340167006,5.0,2023
